totpe,hit1,hit0,hitN,totC,mCG,mCHG,mCHH,unCG,unCHG,unCHH,seqdp,mr1,mr0,mrN,cg,chg,chh,seqid
189481714,40102315,94154559,55224840,1647455145,177562372,143517308,21102607,65758344,94129004,1145385510,15.15853712,0.212,0.497,0.291,0.73,0.604,0.016,JRA1
189481714,47891392,91018001,50572321,1927722060,197663509,150241560,38035668,69608526,97075765,1375097032,15.15853712,0.253,0.48,0.267,0.74,0.607,0.024,pg_JRA1
189481714,61218797,54640255,73622662,2450059786,266806345,215047984,31698883,90916050,131688804,1713901720,15.15853712,0.323,0.288,0.389,0.746,0.62,0.016,t_JRA1
