totpe,hit1,hit0,hitN,totC,mCG,mCHG,mCHH,unCG,unCHG,unCHH,seqdp,mr1,mr0,mrN,cg,chg,chh,seqid
178448613,69996314,33543197,74909102,3041822982,537072840,398516586,33458956,151989807,208655678,1712129115,14.27588904,0.392,0.188,0.42,0.779,0.656,0.015,SRR1610959
154446717,65399683,28391178,60655856,2906180188,521346050,388279219,32153960,132233991,184478763,1647688205,12.35573736,0.423,0.184,0.393,0.798,0.678,0.015,SRR1610960
162731207,65346632,30682796,66701779,2853875507,481837531,353404086,28910957,135459044,197194117,1657069772,13.01849656,0.402,0.189,0.41,0.781,0.642,0.014,SRR1610961
167762882,91919703,25054232,50788947,4473036426,1069549786,723501109,43374729,163396392,269674978,2203539432,13.42103056,0.548,0.149,0.303,0.867,0.728,0.013,SRR850328
143155853,50315532,43640045,49200276,2413899961,568203870,379258142,26504798,112102378,164525902,1163304871,11.45246824,0.351,0.305,0.344,0.835,0.697,0.015,SRR850332
